{
  "IcoMoonType": "selection",
  "icons": [
    {
      "icon": {
        "paths": [
          "M97.524 438.856v341.334h146.286v-341.334h-146.286zM390.097 438.856v341.334h146.285v-341.334h-146.285zM0 1024h926.478v-146.285h-926.478v146.285zM682.668 438.856v341.334h146.285v-341.334h-146.285zM463.24 0l-463.24 243.809v97.525h926.478v-97.525l-463.238-243.809z"
        ],
        "attrs": [
          {
            "fill": "rgb(78, 164, 220)"
          }
        ],
        "width": 949,
        "isMulticolor": false,
        "isMulticolor2": false,
        "grid": 0,
        "tags": [
          "icon1"
        ],
        "colorPermutations": {
          "12552552551781642201": [
            {
              "f": 1
            }
          ]
        }
      },
      "attrs": [
        {
          "fill": "rgb(78, 164, 220)"
        }
      ],
      "properties": {
        "order": 43,
        "id": 3,
        "name": "icon1",
        "prevSize": 32
      },
      "setIdx": 0,
      "setId": 2,
      "iconIdx": 0
    },
    {
      "icon": {
        "paths": [
          "M102.4 204.797h-102.4v716.803c0 56.32 46.080 102.4 102.4 102.4h716.8v-102.4h-716.8v-716.803zM921.597-0.003h-614.397c-56.32 0-102.4 46.080-102.4 102.4v614.403c0 56.32 46.080 102.4 102.4 102.4h614.397c56.32 0 102.4-46.080 102.4-102.4v-614.403c0-56.32-46.080-102.4-102.4-102.4zM870.397 460.797h-511.997v-102.4h511.997v102.4zM665.6 665.6h-307.2v-102.403h307.2v102.403zM870.397 255.998h-511.997v-102.4h511.997v102.4z"
        ],
        "attrs": [
          {
            "fill": "rgb(78, 164, 220)"
          }
        ],
        "isMulticolor": false,
        "isMulticolor2": false,
        "grid": 0,
        "tags": [
          "icon2"
        ],
        "colorPermutations": {
          "12552552551781642201": [
            {
              "f": 1
            }
          ]
        }
      },
      "attrs": [
        {
          "fill": "rgb(78, 164, 220)"
        }
      ],
      "properties": {
        "order": 42,
        "id": 2,
        "name": "icon2",
        "prevSize": 32
      },
      "setIdx": 0,
      "setId": 2,
      "iconIdx": 1
    },
    {
      "icon": {
        "paths": [
          "M335.373 511.987c-54.784-36.352-115.199-65.024-180.735-82.432 65.536 17.408 125.951 46.080 180.735 82.432zM869.386 429.555c-66.045 17.408-127.485 46.592-182.781 83.965 55.296-37.373 116.736-66.557 182.781-83.965z",
          "M690.691 390.653c-9.216-142.847-67.072-282.11-175.616-390.653-109.571 109.567-169.987 248.83-181.763 390.653 65.536 34.816 125.955 79.872 178.691 134.656 52.736-54.272 113.152-99.328 178.688-134.656zM357.888 526.333c-7.168-5.12-15.36-9.728-23.040-14.848 7.68 5.632 15.872 9.728 23.040 14.848zM686.595 513.533c-6.656 4.608-13.824 8.192-20.48 13.312 6.656-5.12 13.824-8.704 20.48-13.312zM512.003 688.635c-110.083-167.933-297.986-279.037-512.003-279.037 0 272.381 172.033 502.781 411.136 588.285 32.259 11.776 66.051 20.48 100.867 26.112 34.816-6.144 68.096-14.848 100.864-26.112 239.104-85.504 411.136-315.904 411.136-588.285-214.016 0-401.92 111.104-512 279.037z"
        ],
        "attrs": [
          {
            "fill": "rgb(78, 164, 220)"
          },
          {
            "fill": "rgb(78, 164, 220)"
          }
        ],
        "isMulticolor": false,
        "isMulticolor2": false,
        "grid": 0,
        "tags": [
          "icon3"
        ],
        "colorPermutations": {
          "12552552551781642201": [
            {
              "f": 1
            },
            {
              "f": 1
            }
          ]
        }
      },
      "attrs": [
        {
          "fill": "rgb(78, 164, 220)"
        },
        {
          "fill": "rgb(78, 164, 220)"
        }
      ],
      "properties": {
        "order": 41,
        "id": 1,
        "name": "icon3",
        "prevSize": 32
      },
      "setIdx": 0,
      "setId": 2,
      "iconIdx": 2
    }
  ],
  "height": 1024,
  "preferences": {
    "showGlyphs": true,
    "showQuickUse": true,
    "showQuickUse2": true,
    "showSVGs": true,
    "fontPref": {
      "prefix": "icon-",
      "metadata": {
        "fontFamily": "icomoon"
      },
      "metrics": {
        "emSize": 1024,
        "baseline": 6.25,
        "whitespace": 50
      },
      "embed": false
    },
    "imagePref": {
      "prefix": "icon-",
      "png": true,
      "useClassSelector": true,
      "color": 0,
      "bgColor": 16777215,
      "classSelector": ".icon",
      "name": "icomoon"
    },
    "historySize": 50,
    "showCodes": true,
    "gridSize": 16
  }
}